{
    "faces":[34,0,2,3,0,0,0,0,34,7,5,4,0,1,1,1,34,4,1,0,0,2,2,2,34,5,2,1,0,3,3,3,34,2,7,3,0,4,4,4,34,0,7,4,0,5,5,5,34,0,1,2,0,6,6,6,34,7,6,5,0,7,7,7,34,4,5,1,0,8,8,8,34,5,6,2,0,9,9,9,34,2,6,7,0,10,10,10,34,0,3,7,0,11,11,11],
    "metadata":{
        "type":"Geometry",
        "colors":0,
        "version":3,
        "materials":1,
        "uvs":0,
        "generator":"io_three",
        "faces":12,
        "vertices":8,
        "normals":12
    },
    "colors":[],
    "vertices":[1.75272,-1.69678,-1.54218,1.75272,-1.69678,0.45782,-0.247281,-1.69678,0.45782,-0.247281,-1.69678,-1.54218,1.75272,0.303219,-1.54218,1.75272,0.303219,0.45782,-0.247281,0.303219,0.457819,-0.247281,0.303219,-1.54218],
    "materials":[{
        "shading":"phong",
        "visible":true,
        "colorDiffuse":[0.64,0.64,0.64],
        "DbgColor":15658734,
        "colorSpecular":[0.5,0.5,0.5],
        "wireframe":false,
        "doubleSided":false,
        "colorEmissive":[0,0,0],
        "DbgName":"Material",
        "depthTest":true,
        "opacity":1,
        "transparent":false,
        "specularCoef":50,
        "blending":1,
        "depthWrite":true,
        "DbgIndex":0,
        "vertexColors":false
    }],
    "normals":[-1.42109e-14,-1,5.96046e-08,7.10543e-15,1,-2.98023e-08,1,-2.38419e-07,1.42109e-14,-5.96046e-08,-2.98023e-07,1,-1,-1.49012e-07,-2.38419e-07,2.38419e-07,2.38419e-07,-1,-3.55271e-15,-1,5.96046e-08,1.5099e-14,1,-2.98023e-08,1,2.98023e-07,5.36442e-07,-5.0664e-07,1.49012e-07,1,-1,-1.19209e-07,-2.08616e-07,2.38419e-07,2.38419e-07,-1],
    "uvs":[]
}